_id,type,model,screen size,ram,hard disk
67e180586517e8e2f49ee690,smart phone,platina,5.5,,
67e180586517e8e2f49ee691,smart phone,bn20,6.5,,
67e180586517e8e2f49ee692,smart phone,cz,6.5,,
67e180586517e8e2f49ee693,smart phone,xm23,5.5,,
67e180586517e8e2f49ee694,smart phone,c3,6.5,,
67e180586517e8e2f49ee695,smart phone,pk2,5.5,,
67e180586517e8e2f49ee696,smart phone,platina,6,,
67e180586517e8e2f49ee697,smart phone,xm23,6,,
67e180586517e8e2f49ee698,smart phone,k9,6.5,,
67e180586517e8e2f49ee699,smart phone,c12,5.5,,
67e180586517e8e2f49ee69a,smart phone,k9,6,,
67e180586517e8e2f49ee69b,smart phone,platina,6.5,,
67e180586517e8e2f49ee69c,smart phone,xm23,6.5,,
67e180586517e8e2f49ee69d,smart phone,bn20,5.5,,
67e180586517e8e2f49ee69e,smart phone,pk2,6,,
67e180586517e8e2f49ee69f,smart phone,c3,6,,
67e180586517e8e2f49ee6a0,smart phone,bn20,6,,
67e180586517e8e2f49ee6a1,smart phone,pk2,6.5,,
67e180586517e8e2f49ee6a2,smart phone,c12,6,,
67e180586517e8e2f49ee6a3,smart phone,k9,5.5,,
67e180586517e8e2f49ee6a4,smart phone,c12,6.5,,
67e180586517e8e2f49ee6a5,smart phone,c3,5.5,,
67e180586517e8e2f49ee6a6,smart phone,cz,5.5,,
67e180586517e8e2f49ee6a7,smart phone,cz,6,,
67e180586517e8e2f49ee6a8,laptop,qw2,17,16GB,2TB
67e180586517e8e2f49ee6a9,laptop,c6,15,4GB,1TB
67e180586517e8e2f49ee6aa,laptop,qw2,15,32GB,1TB
67e180586517e8e2f49ee6ab,laptop,ay9,15,4GB,500MB
67e180586517e8e2f49ee6ac,laptop,k12,17,4GB,500MB
67e180586517e8e2f49ee6ad,laptop,zeta,15,4GB,2TB
67e180586517e8e2f49ee6ae,laptop,zeta,17,8GB,500MB
67e180586517e8e2f49ee6af,laptop,jl3,15,4GB,500MB
67e180586517e8e2f49ee6b0,laptop,ki2,15,32GB,1TB
67e180586517e8e2f49ee6b1,laptop,zeta,15,16GB,1TB
67e180586517e8e2f49ee6b2,laptop,k12,14,4GB,1TB
67e180586517e8e2f49ee6b3,laptop,qw2,12,4GB,500MB
67e180586517e8e2f49ee6b4,laptop,j3,17,32GB,2TB
67e180586517e8e2f49ee6b5,laptop,jl3,14,4GB,2TB
67e180586517e8e2f49ee6b6,laptop,ay9,17,16GB,2TB
67e180586517e8e2f49ee6b7,laptop,ki2,17,4GB,2TB
67e180586517e8e2f49ee6b8,laptop,ki2,12,32GB,1TB
67e180586517e8e2f49ee6b9,laptop,ay9,17,4GB,2TB
67e180586517e8e2f49ee6ba,laptop,ki2,14,16GB,500MB
67e180586517e8e2f49ee6bb,laptop,kz,15,16GB,500MB
67e180586517e8e2f49ee6bc,laptop,ki2,14,4GB,1TB
67e180586517e8e2f49ee6bd,laptop,qw2,17,16GB,500MB
67e180586517e8e2f49ee6be,laptop,kz,17,32GB,1TB
67e180586517e8e2f49ee6bf,laptop,c6,12,16GB,1TB
67e180586517e8e2f49ee6c0,laptop,j3,17,8GB,1TB
67e180586517e8e2f49ee6c1,laptop,jl3,12,16GB,1TB
67e180586517e8e2f49ee6c2,laptop,ay9,17,16GB,1TB
67e180586517e8e2f49ee6c3,laptop,c6,14,16GB,1TB
67e180586517e8e2f49ee6c4,laptop,qw2,14,8GB,2TB
67e180586517e8e2f49ee6c5,laptop,jl3,12,32GB,500MB
67e180586517e8e2f49ee6c6,laptop,qw2,12,8GB,2TB
67e180586517e8e2f49ee6c7,laptop,k12,14,4GB,500MB
67e180586517e8e2f49ee6c8,laptop,k12,14,32GB,1TB
67e180586517e8e2f49ee6c9,laptop,k12,17,4GB,1TB
67e180586517e8e2f49ee6ca,laptop,c6,17,4GB,1TB
67e180586517e8e2f49ee6cb,laptop,k12,12,4GB,2TB
67e180586517e8e2f49ee6cc,laptop,qw2,14,4GB,2TB
67e180586517e8e2f49ee6cd,laptop,zeta,17,8GB,2TB
67e180586517e8e2f49ee6ce,laptop,k12,12,32GB,500MB
67e180586517e8e2f49ee6cf,laptop,k12,17,8GB,500MB
67e180586517e8e2f49ee6d0,laptop,qw2,15,4GB,2TB
67e180586517e8e2f49ee6d1,laptop,ay9,14,16GB,2TB
67e180586517e8e2f49ee6d2,laptop,j3,17,8GB,500MB
67e180586517e8e2f49ee6d3,laptop,kz,17,8GB,1TB
67e180586517e8e2f49ee6d4,laptop,k12,17,16GB,500MB
67e180586517e8e2f49ee6d5,laptop,zeta,15,8GB,500MB
67e180586517e8e2f49ee6d6,laptop,jl3,12,4GB,500MB
67e180586517e8e2f49ee6d7,laptop,kz,17,8GB,2TB
67e180586517e8e2f49ee6d8,laptop,zeta,12,16GB,2TB
67e180586517e8e2f49ee6d9,laptop,jl3,14,16GB,500MB
67e180586517e8e2f49ee6da,laptop,ay9,14,4GB,2TB
67e180586517e8e2f49ee6db,laptop,zeta,14,8GB,2TB
67e180586517e8e2f49ee6dc,laptop,ay9,14,32GB,500MB
67e180586517e8e2f49ee6dd,laptop,k12,14,8GB,1TB
67e180586517e8e2f49ee6de,laptop,jl3,14,4GB,500MB
67e180586517e8e2f49ee6df,laptop,ki2,12,4GB,500MB
67e180586517e8e2f49ee6e0,laptop,j3,15,8GB,1TB
67e180586517e8e2f49ee6e1,laptop,qw2,15,4GB,500MB
67e180586517e8e2f49ee6e2,laptop,qw2,15,16GB,2TB
67e180586517e8e2f49ee6e3,laptop,jl3,14,4GB,1TB
67e180586517e8e2f49ee6e4,laptop,j3,14,16GB,2TB
67e180586517e8e2f49ee6e5,laptop,ki2,12,8GB,2TB
67e180586517e8e2f49ee6e6,laptop,kz,15,4GB,2TB
67e180586517e8e2f49ee6e7,laptop,kz,14,8GB,2TB
67e180586517e8e2f49ee6e8,laptop,j3,12,4GB,1TB
67e180586517e8e2f49ee6e9,laptop,qw2,14,8GB,500MB
67e180586517e8e2f49ee6ea,laptop,ay9,17,32GB,1TB
67e180586517e8e2f49ee6eb,laptop,ay9,17,32GB,500MB
67e180586517e8e2f49ee6ec,laptop,kz,15,32GB,2TB
67e180586517e8e2f49ee6ed,laptop,j3,17,16GB,1TB
67e180586517e8e2f49ee6ee,laptop,ay9,14,8GB,2TB
67e180586517e8e2f49ee6ef,laptop,c6,17,32GB,2TB
67e180586517e8e2f49ee6f0,laptop,ki2,15,16GB,500MB
67e180586517e8e2f49ee6f1,laptop,k12,12,4GB,500MB
67e180586517e8e2f49ee6f2,laptop,k12,17,16GB,1TB
67e180586517e8e2f49ee6f3,laptop,ki2,15,16GB,1TB
67e180586517e8e2f49ee6f4,laptop,qw2,15,32GB,500MB
67e180586517e8e2f49ee6f5,laptop,ki2,14,4GB,500MB
67e180586517e8e2f49ee6f6,laptop,ay9,15,8GB,2TB
67e180586517e8e2f49ee6f7,laptop,qw2,15,8GB,2TB
67e180586517e8e2f49ee6f8,laptop,zeta,14,16GB,2TB
67e180586517e8e2f49ee6f9,laptop,kz,15,8GB,2TB
67e180586517e8e2f49ee6fa,laptop,zeta,14,4GB,500MB
67e180586517e8e2f49ee6fb,laptop,qw2,17,4GB,2TB
67e180586517e8e2f49ee6fc,laptop,qw2,14,32GB,2TB
67e180586517e8e2f49ee6fd,laptop,j3,15,4GB,500MB
67e180586517e8e2f49ee6fe,laptop,k12,14,16GB,2TB
67e180586517e8e2f49ee6ff,laptop,ki2,17,8GB,1TB
67e180586517e8e2f49ee700,laptop,c6,15,32GB,1TB
67e180586517e8e2f49ee701,laptop,k12,17,8GB,1TB
67e180586517e8e2f49ee702,laptop,kz,14,16GB,500MB
67e180586517e8e2f49ee703,laptop,k12,14,16GB,500MB
67e180586517e8e2f49ee704,laptop,k12,12,8GB,500MB
67e180586517e8e2f49ee705,laptop,k12,15,16GB,500MB
67e180586517e8e2f49ee706,laptop,ay9,17,4GB,500MB
67e180586517e8e2f49ee707,laptop,kz,12,32GB,1TB
67e180586517e8e2f49ee708,laptop,k12,17,16GB,2TB
67e180586517e8e2f49ee709,laptop,kz,14,4GB,2TB
67e180586517e8e2f49ee70a,laptop,k12,12,16GB,1TB
67e180586517e8e2f49ee70b,laptop,jl3,14,32GB,2TB
67e180586517e8e2f49ee70c,laptop,ay9,15,8GB,1TB
67e180586517e8e2f49ee70d,laptop,ay9,14,16GB,1TB
67e180586517e8e2f49ee70e,laptop,j3,12,8GB,1TB
67e180586517e8e2f49ee70f,laptop,c6,12,16GB,2TB
67e180586517e8e2f49ee710,laptop,kz,17,32GB,500MB
67e180586517e8e2f49ee711,laptop,j3,12,8GB,2TB
67e180586517e8e2f49ee712,laptop,kz,17,16GB,2TB
67e180586517e8e2f49ee713,laptop,ay9,12,32GB,500MB
67e180586517e8e2f49ee714,laptop,ay9,15,4GB,2TB
67e180586517e8e2f49ee715,laptop,c6,14,8GB,2TB
67e180586517e8e2f49ee716,laptop,c6,17,16GB,500MB
67e180586517e8e2f49ee717,laptop,k12,15,8GB,500MB
67e180586517e8e2f49ee718,laptop,kz,17,4GB,2TB
67e180586517e8e2f49ee719,laptop,kz,15,4GB,1TB
67e180586517e8e2f49ee71a,laptop,ay9,12,16GB,1TB
67e180586517e8e2f49ee71b,laptop,ay9,14,4GB,1TB
67e180586517e8e2f49ee71c,laptop,j3,15,32GB,1TB
67e180586517e8e2f49ee71d,laptop,qw2,15,32GB,2TB
67e180586517e8e2f49ee71e,laptop,c6,15,32GB,2TB
67e180586517e8e2f49ee71f,laptop,ki2,12,8GB,1TB
67e180586517e8e2f49ee720,laptop,kz,17,8GB,500MB
67e180586517e8e2f49ee721,laptop,c6,12,8GB,1TB
67e180586517e8e2f49ee722,laptop,zeta,12,4GB,500MB
67e180586517e8e2f49ee723,laptop,ki2,14,16GB,2TB
67e180586517e8e2f49ee724,laptop,ki2,14,32GB,2TB
67e180586517e8e2f49ee725,laptop,ki2,15,4GB,500MB
67e180586517e8e2f49ee726,laptop,c6,15,8GB,1TB
67e180586517e8e2f49ee727,laptop,k12,14,4GB,2TB
67e180586517e8e2f49ee728,laptop,ki2,15,16GB,2TB
67e180586517e8e2f49ee729,laptop,k12,15,8GB,2TB
67e180586517e8e2f49ee72a,laptop,kz,15,16GB,2TB
67e180586517e8e2f49ee72b,laptop,j3,15,16GB,1TB
67e180586517e8e2f49ee72c,laptop,qw2,14,16GB,1TB
67e180586517e8e2f49ee72d,laptop,kz,15,4GB,500MB
67e180586517e8e2f49ee72e,laptop,k12,14,32GB,2TB
67e180586517e8e2f49ee72f,laptop,ki2,12,32GB,2TB
67e180586517e8e2f49ee730,laptop,kz,12,4GB,500MB
67e180586517e8e2f49ee731,laptop,zeta,14,8GB,1TB
67e180586517e8e2f49ee732,laptop,ki2,14,8GB,2TB
67e180586517e8e2f49ee733,laptop,jl3,12,32GB,1TB
67e180586517e8e2f49ee734,laptop,k12,15,32GB,1TB
67e180586517e8e2f49ee735,laptop,k12,12,16GB,2TB
67e180586517e8e2f49ee736,laptop,ki2,14,32GB,1TB
67e180586517e8e2f49ee737,laptop,zeta,15,8GB,2TB
67e180586517e8e2f49ee738,laptop,qw2,12,16GB,1TB
67e180586517e8e2f49ee739,laptop,ay9,17,8GB,500MB
67e180586517e8e2f49ee73a,laptop,j3,17,4GB,1TB
67e180586517e8e2f49ee73b,laptop,k12,14,8GB,500MB
67e180586517e8e2f49ee73c,laptop,qw2,15,16GB,500MB
67e180586517e8e2f49ee73d,laptop,kz,15,8GB,500MB
67e180586517e8e2f49ee73e,laptop,c6,14,16GB,500MB
67e180586517e8e2f49ee73f,laptop,zeta,14,32GB,2TB
67e180586517e8e2f49ee740,laptop,ay9,15,16GB,1TB
67e180586517e8e2f49ee741,laptop,c6,15,8GB,500MB
67e180586517e8e2f49ee742,laptop,ki2,12,4GB,2TB
67e180586517e8e2f49ee743,laptop,ay9,15,32GB,500MB
67e180586517e8e2f49ee744,laptop,zeta,17,4GB,500MB
67e180586517e8e2f49ee745,laptop,ay9,15,16GB,500MB
67e180586517e8e2f49ee746,laptop,ki2,12,16GB,500MB
67e180586517e8e2f49ee747,laptop,qw2,12,16GB,2TB
67e180586517e8e2f49ee748,laptop,k12,14,8GB,2TB
67e180586517e8e2f49ee749,laptop,jl3,12,4GB,2TB
67e180586517e8e2f49ee74a,laptop,jl3,15,32GB,2TB
67e180586517e8e2f49ee74b,laptop,ki2,17,32GB,1TB
67e180586517e8e2f49ee74c,laptop,jl3,12,8GB,2TB
67e180586517e8e2f49ee74d,laptop,ay9,17,8GB,2TB
67e180586517e8e2f49ee74e,laptop,zeta,12,32GB,2TB
67e180586517e8e2f49ee74f,laptop,jl3,15,16GB,2TB
67e180586517e8e2f49ee750,laptop,c6,17,4GB,2TB
67e180586517e8e2f49ee751,laptop,zeta,14,4GB,2TB
67e180586517e8e2f49ee752,laptop,zeta,17,4GB,1TB
67e180586517e8e2f49ee753,laptop,ay9,14,16GB,500MB
67e180586517e8e2f49ee754,laptop,ay9,12,4GB,2TB
67e180586517e8e2f49ee755,laptop,ay9,14,32GB,2TB
67e180586517e8e2f49ee756,laptop,jl3,15,16GB,500MB
67e180586517e8e2f49ee757,laptop,k12,12,8GB,2TB
67e180586517e8e2f49ee758,laptop,kz,12,8GB,1TB
67e180586517e8e2f49ee759,laptop,ki2,14,4GB,2TB
67e180586517e8e2f49ee75a,laptop,jl3,12,8GB,1TB
67e180586517e8e2f49ee75b,laptop,j3,12,8GB,500MB
67e180586517e8e2f49ee75c,laptop,qw2,17,8GB,2TB
67e180586517e8e2f49ee75d,laptop,jl3,15,32GB,500MB
67e180586517e8e2f49ee75e,laptop,ay9,15,16GB,2TB
67e180586517e8e2f49ee75f,laptop,ay9,12,8GB,500MB
67e180586517e8e2f49ee760,laptop,zeta,15,16GB,2TB
67e180586517e8e2f49ee761,laptop,ki2,15,4GB,2TB
67e180586517e8e2f49ee762,laptop,kz,12,4GB,2TB
67e180586517e8e2f49ee763,laptop,c6,14,16GB,2TB
67e180586517e8e2f49ee764,laptop,ki2,15,32GB,2TB
67e180586517e8e2f49ee765,laptop,c6,17,32GB,1TB
67e180586517e8e2f49ee766,laptop,kz,12,32GB,2TB
67e180586517e8e2f49ee767,laptop,qw2,12,32GB,1TB
67e180586517e8e2f49ee768,laptop,jl3,17,16GB,1TB
67e180586517e8e2f49ee769,laptop,c6,12,32GB,1TB
67e180586517e8e2f49ee76a,laptop,qw2,12,4GB,1TB
67e180586517e8e2f49ee76b,laptop,kz,14,32GB,2TB
67e180586517e8e2f49ee76c,laptop,kz,12,16GB,1TB
67e180586517e8e2f49ee76d,laptop,ay9,15,8GB,500MB
67e180586517e8e2f49ee76e,laptop,j3,14,8GB,2TB
67e180586517e8e2f49ee76f,laptop,jl3,17,4GB,500MB
67e180586517e8e2f49ee770,laptop,ki2,14,8GB,500MB
67e180586517e8e2f49ee771,laptop,k12,15,4GB,2TB
67e180586517e8e2f49ee772,laptop,ki2,12,16GB,2TB
67e180586517e8e2f49ee773,laptop,c6,17,32GB,500MB
67e180586517e8e2f49ee774,laptop,c6,15,8GB,2TB
67e180586517e8e2f49ee775,laptop,j3,14,8GB,500MB
67e180586517e8e2f49ee776,laptop,ki2,17,8GB,2TB
67e180586517e8e2f49ee777,laptop,ay9,15,32GB,2TB
67e180586517e8e2f49ee778,laptop,jl3,15,4GB,1TB
67e180586517e8e2f49ee779,laptop,zeta,15,8GB,1TB
67e180586517e8e2f49ee77a,laptop,kz,14,32GB,1TB
67e180586517e8e2f49ee77b,laptop,kz,17,32GB,2TB
67e180586517e8e2f49ee77c,laptop,c6,14,4GB,1TB
67e180586517e8e2f49ee77d,laptop,j3,17,16GB,2TB
67e180586517e8e2f49ee77e,laptop,ki2,15,32GB,500MB
67e180586517e8e2f49ee77f,laptop,k12,14,32GB,500MB
67e180586517e8e2f49ee780,laptop,zeta,15,32GB,500MB
67e180586517e8e2f49ee781,laptop,qw2,14,16GB,2TB
67e180586517e8e2f49ee782,laptop,k12,17,8GB,2TB
67e180586517e8e2f49ee783,laptop,j3,15,16GB,2TB
67e180586517e8e2f49ee784,laptop,zeta,15,32GB,2TB
67e180586517e8e2f49ee785,laptop,jl3,17,16GB,500MB
67e180586517e8e2f49ee786,laptop,jl3,14,32GB,1TB
67e180586517e8e2f49ee787,laptop,ki2,17,16GB,2TB
67e180586517e8e2f49ee788,laptop,c6,14,4GB,500MB
67e180586517e8e2f49ee789,laptop,c6,15,4GB,2TB
67e180586517e8e2f49ee78a,laptop,j3,14,16GB,1TB
67e180586517e8e2f49ee78b,laptop,kz,12,8GB,500MB
67e180586517e8e2f49ee78c,laptop,j3,12,32GB,1TB
67e180586517e8e2f49ee78d,laptop,jl3,17,16GB,2TB
67e180586517e8e2f49ee78e,laptop,k12,12,16GB,500MB
67e180586517e8e2f49ee78f,laptop,jl3,14,8GB,1TB
67e180586517e8e2f49ee790,laptop,jl3,17,32GB,1TB
67e180586517e8e2f49ee791,laptop,c6,14,32GB,500MB
67e180586517e8e2f49ee792,laptop,ay9,12,8GB,2TB
67e180586517e8e2f49ee793,laptop,kz,14,16GB,1TB
67e180586517e8e2f49ee794,laptop,zeta,17,4GB,2TB
67e180586517e8e2f49ee795,laptop,ay9,15,4GB,1TB
67e180586517e8e2f49ee796,laptop,qw2,17,32GB,500MB
67e180586517e8e2f49ee797,laptop,kz,12,16GB,2TB
67e180586517e8e2f49ee798,laptop,ay9,17,8GB,1TB
67e180586517e8e2f49ee799,laptop,j3,14,4GB,2TB
67e180586517e8e2f49ee79a,laptop,c6,17,8GB,500MB
67e180586517e8e2f49ee79b,laptop,ki2,12,16GB,1TB
67e180586517e8e2f49ee79c,laptop,kz,17,16GB,1TB
67e180586517e8e2f49ee79d,laptop,j3,14,32GB,500MB
67e180586517e8e2f49ee79e,laptop,ay9,14,32GB,1TB
67e180586517e8e2f49ee79f,laptop,j3,12,16GB,2TB
67e180586517e8e2f49ee7a0,laptop,jl3,17,32GB,500MB
67e180586517e8e2f49ee7a1,laptop,c6,14,32GB,2TB
67e180586517e8e2f49ee7a2,laptop,j3,14,32GB,1TB
67e180586517e8e2f49ee7a3,laptop,ay9,12,32GB,2TB
67e180586517e8e2f49ee7a4,laptop,qw2,17,4GB,1TB
67e180586517e8e2f49ee7a5,laptop,zeta,12,8GB,500MB
67e180586517e8e2f49ee7a6,laptop,ki2,15,4GB,1TB
67e180586517e8e2f49ee7a7,laptop,c6,17,16GB,2TB
67e180586517e8e2f49ee7a8,laptop,kz,17,4GB,500MB
67e180586517e8e2f49ee7a9,laptop,zeta,12,32GB,500MB
67e180586517e8e2f49ee7aa,laptop,c6,12,32GB,500MB
67e180586517e8e2f49ee7ab,laptop,kz,15,32GB,500MB
67e180586517e8e2f49ee7ac,laptop,ki2,14,8GB,1TB
67e180586517e8e2f49ee7ad,laptop,ay9,17,16GB,500MB
67e180586517e8e2f49ee7ae,laptop,k12,12,8GB,1TB
67e180586517e8e2f49ee7af,laptop,ki2,17,32GB,500MB
67e180586517e8e2f49ee7b0,laptop,j3,14,4GB,500MB
67e180586517e8e2f49ee7b1,laptop,kz,15,32GB,1TB
67e180586517e8e2f49ee7b2,laptop,c6,17,8GB,1TB
67e180586517e8e2f49ee7b3,laptop,kz,12,32GB,500MB
67e180586517e8e2f49ee7b4,laptop,jl3,15,8GB,500MB
67e180586517e8e2f49ee7b5,laptop,k12,12,32GB,1TB
67e180586517e8e2f49ee7b6,laptop,k12,17,32GB,1TB
67e180586517e8e2f49ee7b7,laptop,ki2,12,32GB,500MB
67e180586517e8e2f49ee7b8,laptop,zeta,12,16GB,500MB
67e180586517e8e2f49ee7b9,laptop,qw2,17,8GB,500MB
67e180586517e8e2f49ee7ba,laptop,qw2,12,32GB,500MB
67e180586517e8e2f49ee7bb,laptop,kz,15,8GB,1TB
67e180586517e8e2f49ee7bc,laptop,qw2,12,4GB,2TB
67e180586517e8e2f49ee7bd,laptop,qw2,17,8GB,1TB
67e180586517e8e2f49ee7be,laptop,zeta,17,16GB,1TB
67e180586517e8e2f49ee7bf,laptop,ki2,17,8GB,500MB
67e180586517e8e2f49ee7c0,laptop,jl3,15,16GB,1TB
67e180586517e8e2f49ee7c1,laptop,k12,15,4GB,500MB
67e180586517e8e2f49ee7c2,laptop,qw2,17,4GB,500MB
67e180586517e8e2f49ee7c3,laptop,c6,14,32GB,1TB
67e180586517e8e2f49ee7c4,laptop,j3,15,32GB,2TB
67e180586517e8e2f49ee7c5,laptop,jl3,14,16GB,1TB
67e180586517e8e2f49ee7c6,laptop,zeta,17,16GB,2TB
67e180586517e8e2f49ee7c7,laptop,kz,14,32GB,500MB
67e180586517e8e2f49ee7c8,laptop,c6,15,16GB,2TB
67e180586517e8e2f49ee7c9,laptop,j3,15,16GB,500MB
67e180586517e8e2f49ee7ca,laptop,ay9,12,8GB,1TB
67e180586517e8e2f49ee7cb,laptop,j3,17,32GB,500MB
67e180586517e8e2f49ee7cc,laptop,zeta,15,4GB,500MB
67e180586517e8e2f49ee7cd,laptop,k12,17,32GB,2TB
67e180586517e8e2f49ee7ce,laptop,j3,12,4GB,500MB
67e180586517e8e2f49ee7cf,laptop,qw2,15,8GB,500MB
67e180586517e8e2f49ee7d0,laptop,c6,15,32GB,500MB
67e180586517e8e2f49ee7d1,laptop,c6,17,8GB,2TB
67e180586517e8e2f49ee7d2,laptop,c6,12,4GB,2TB
67e180586517e8e2f49ee7d3,laptop,qw2,14,8GB,1TB
67e180586517e8e2f49ee7d4,laptop,ki2,17,32GB,2TB
67e180586517e8e2f49ee7d5,laptop,c6,15,16GB,1TB
67e180586517e8e2f49ee7d6,laptop,zeta,15,4GB,1TB
67e180586517e8e2f49ee7d7,laptop,zeta,14,32GB,500MB
67e180586517e8e2f49ee7d8,laptop,ki2,15,8GB,2TB
67e180586517e8e2f49ee7d9,laptop,ay9,17,4GB,1TB
67e180586517e8e2f49ee7da,laptop,k12,15,32GB,2TB
67e180586517e8e2f49ee7db,laptop,qw2,12,16GB,500MB
67e180586517e8e2f49ee7dc,laptop,c6,15,16GB,500MB
67e180586517e8e2f49ee7dd,laptop,jl3,12,16GB,500MB
67e180586517e8e2f49ee7de,laptop,ay9,14,8GB,500MB
67e180586517e8e2f49ee7df,laptop,jl3,17,8GB,2TB
67e180586517e8e2f49ee7e0,laptop,j3,12,4GB,2TB
67e180586517e8e2f49ee7e1,laptop,ay9,17,32GB,2TB
67e180586517e8e2f49ee7e2,laptop,c6,12,4GB,500MB
67e180586517e8e2f49ee7e3,laptop,qw2,12,8GB,1TB
67e180586517e8e2f49ee7e4,laptop,k12,15,32GB,500MB
67e180586517e8e2f49ee7e5,laptop,qw2,17,16GB,1TB
67e180586517e8e2f49ee7e6,laptop,j3,17,8GB,2TB
67e180586517e8e2f49ee7e7,laptop,c6,12,8GB,2TB
67e180586517e8e2f49ee7e8,laptop,ki2,12,4GB,1TB
67e180586517e8e2f49ee7e9,laptop,jl3,17,8GB,1TB
67e180586517e8e2f49ee7ea,laptop,ki2,14,16GB,1TB
67e180586517e8e2f49ee7eb,laptop,ki2,15,8GB,500MB
67e180586517e8e2f49ee7ec,laptop,k12,15,16GB,2TB
67e180586517e8e2f49ee7ed,laptop,jl3,15,8GB,1TB
67e180586517e8e2f49ee7ee,laptop,j3,15,32GB,500MB
67e180586517e8e2f49ee7ef,laptop,jl3,17,4GB,2TB
67e180586517e8e2f49ee7f0,laptop,k12,17,4GB,2TB
67e180586517e8e2f49ee7f1,laptop,qw2,15,16GB,1TB
67e180586517e8e2f49ee7f2,laptop,kz,15,16GB,1TB
67e180586517e8e2f49ee7f3,laptop,jl3,14,32GB,500MB
67e180586517e8e2f49ee7f4,laptop,j3,12,16GB,500MB
67e180586517e8e2f49ee7f5,laptop,jl3,17,32GB,2TB
67e180586517e8e2f49ee7f6,laptop,ay9,14,4GB,500MB
67e180586517e8e2f49ee7f7,laptop,qw2,14,4GB,500MB
67e180586517e8e2f49ee7f8,laptop,zeta,14,8GB,500MB
67e180586517e8e2f49ee7f9,laptop,jl3,14,16GB,2TB
67e180586517e8e2f49ee7fa,laptop,jl3,17,4GB,1TB
67e180586517e8e2f49ee7fb,laptop,qw2,12,32GB,2TB
67e180586517e8e2f49ee7fc,laptop,zeta,15,16GB,500MB
67e180586517e8e2f49ee7fd,laptop,zeta,12,16GB,1TB
67e180586517e8e2f49ee7fe,laptop,k12,17,32GB,500MB
67e180586517e8e2f49ee7ff,laptop,c6,17,16GB,1TB
67e180586517e8e2f49ee800,laptop,kz,12,8GB,2TB
67e180586517e8e2f49ee801,laptop,j3,14,32GB,2TB
67e180586517e8e2f49ee802,laptop,j3,17,4GB,2TB
67e180586517e8e2f49ee803,laptop,j3,14,16GB,500MB
67e180586517e8e2f49ee804,laptop,j3,15,8GB,500MB
67e180586517e8e2f49ee805,laptop,jl3,12,4GB,1TB
67e180586517e8e2f49ee806,laptop,zeta,14,32GB,1TB
67e180586517e8e2f49ee807,laptop,zeta,17,32GB,1TB
67e180586517e8e2f49ee808,laptop,zeta,17,16GB,500MB
67e180586517e8e2f49ee809,laptop,jl3,12,16GB,2TB
67e180586517e8e2f49ee80a,laptop,jl3,15,4GB,2TB
67e180586517e8e2f49ee80b,laptop,k12,15,8GB,1TB
67e180586517e8e2f49ee80c,laptop,k12,15,4GB,1TB
67e180586517e8e2f49ee80d,laptop,ki2,17,16GB,500MB
67e180586517e8e2f49ee80e,laptop,zeta,17,32GB,2TB
67e180586517e8e2f49ee80f,laptop,ki2,17,4GB,1TB
67e180586517e8e2f49ee810,laptop,c6,17,4GB,500MB
67e180586517e8e2f49ee811,laptop,jl3,15,8GB,2TB
67e180586517e8e2f49ee812,laptop,zeta,15,32GB,1TB
67e180586517e8e2f49ee813,laptop,ay9,12,4GB,500MB
67e180586517e8e2f49ee814,laptop,k12,14,16GB,1TB
67e180586517e8e2f49ee815,laptop,ki2,17,16GB,1TB
67e180586517e8e2f49ee816,laptop,ki2,17,4GB,500MB
67e180586517e8e2f49ee817,laptop,ay9,12,4GB,1TB
67e180586517e8e2f49ee818,laptop,qw2,17,32GB,2TB
67e180586517e8e2f49ee819,laptop,jl3,14,8GB,2TB
67e180586517e8e2f49ee81a,laptop,kz,14,4GB,1TB
67e180586517e8e2f49ee81b,laptop,qw2,14,16GB,500MB
67e180586517e8e2f49ee81c,laptop,j3,12,32GB,2TB
67e180586517e8e2f49ee81d,laptop,j3,12,32GB,500MB
67e180586517e8e2f49ee81e,laptop,zeta,14,16GB,1TB
67e180586517e8e2f49ee81f,laptop,c6,14,8GB,1TB
67e180586517e8e2f49ee820,laptop,kz,12,16GB,500MB
67e180586517e8e2f49ee821,laptop,j3,15,8GB,2TB
67e180586517e8e2f49ee822,laptop,kz,14,4GB,500MB
67e180586517e8e2f49ee823,laptop,qw2,14,4GB,1TB
67e180586517e8e2f49ee824,laptop,zeta,14,4GB,1TB
67e180586517e8e2f49ee825,laptop,qw2,14,32GB,500MB
67e180586517e8e2f49ee826,laptop,ay9,15,32GB,1TB
67e180586517e8e2f49ee827,laptop,j3,17,4GB,500MB
67e180586517e8e2f49ee828,laptop,zeta,14,16GB,500MB
67e180586517e8e2f49ee829,laptop,j3,12,16GB,1TB
67e180586517e8e2f49ee82a,laptop,j3,17,16GB,500MB
67e180586517e8e2f49ee82b,laptop,c6,12,16GB,500MB
67e180586517e8e2f49ee82c,laptop,ay9,12,16GB,500MB
67e180586517e8e2f49ee82d,television,jk23,32,,
67e180586517e8e2f49ee82e,television,k20,48,,
67e180586517e8e2f49ee82f,television,jk23,24,,
67e180586517e8e2f49ee830,television,boom,32,,
67e180586517e8e2f49ee831,television,jk23,40,,
67e180586517e8e2f49ee832,television,ss2,32,,
67e180586517e8e2f49ee833,television,ss2,40,,
67e180586517e8e2f49ee834,television,jk23,55,,
67e180586517e8e2f49ee835,television,k20,55,,
67e180586517e8e2f49ee836,television,boom,24,,
67e180586517e8e2f49ee837,television,jk23,48,,
67e180586517e8e2f49ee838,television,dj1,40,,
67e180586517e8e2f49ee839,television,ss2,48,,
67e180586517e8e2f49ee83a,television,k20,32,,
67e180586517e8e2f49ee83b,television,boom,40,,
67e180586517e8e2f49ee83c,television,boom,48,,
67e180586517e8e2f49ee83d,television,k20,40,,
67e180586517e8e2f49ee83e,television,k20,24,,
67e180586517e8e2f49ee83f,television,ss2,55,,
67e180586517e8e2f49ee840,television,boom,55,,
67e180586517e8e2f49ee841,television,dj1,24,,
67e180586517e8e2f49ee842,television,dj1,32,,
67e180586517e8e2f49ee843,television,dj1,55,,
67e180586517e8e2f49ee844,television,ss2,24,,
67e180586517e8e2f49ee845,television,dj1,48,,
